469710,Инвертор,20,13800
124195,"Светодиодная лампа E27 10W",100,172.5
427019,Ценникодержатель,1000,1.15
8754343,"Полка настенная",10,1150
469710,Инвертор,20,13800
Артикул,"Наименование товара",Количество,Цена
124195,"Светодиодная лампа E27 10W",100,172.5
427019,Ценникодержатель,1000,1.15
8754343,"Полка настенная",10,1150
469710,Инвертор,20,13800
Артикул,"Наименование товара",Количество,Цена
124195,"Светодиодная лампа E27 10W",100,172.5
427019,Ценникодержатель,1000,1.15
8754343,"Полка настенная",10,1150
469710,Инвертор,20,13800
Артикул,"Наименование товара",Количество,Цена
124195,"Светодиодная лампа E27 10W",100,172.5
427019,Ценникодержатель,1000,1.15
8754343,"Полка настенная",10,1150
469710,Инвертор,20,13800
Артикул,"Наименование товара",Количество,Цена
124195,"Светодиодная лампа E27 10W",100,172.5
124195,"Светодиодная лампа E27 10W",100,172.5
427019,Ценникодержатель,1000,1.15
427019,Ценникодержатель,1000,1.15
8754343,"Полка настенная",10,1150
8754343,"Полка настенная",10,1150
469710,Инвертор,20,13800
469710,Инвертор,20,13800
